Site,Parameter,Date (LT),Year,Month,Day,Hour,NowCast Conc.,AQI,AQI Category,Raw Conc.,Conc. Unit,Duration,QC Name
Kolkata,PM2.5 - Principal,2020-01-01 01:00 AM,2020,01,01,01,271.1,321,Hazardous,264.0,UG/M3,1 Hr,Valid
Kolkata,PM2.5 - Principal,2020-01-01 02:00 AM,2020,01,01,02,297.3,347,Hazardous,321.0,UG/M3,1 Hr,Valid
Kolkata,PM2.5 - Principal,2020-01-01 03:00 AM,2020,01,01,03,288.9,339,Hazardous,281.0,UG/M3,1 Hr,Valid
Kolkata,PM2.5 - Principal,2020-01-01 04:00 AM,2020,01,01,04,253.6,304,Hazardous,219.0,UG/M3,1 Hr,Valid
Kolkata,PM2.5 - Principal,2020-01-01 05:00 AM,2020,01,01,05,206.5,256,Very Unhealthy,160.0,UG/M3,1 Hr,Valid
Kolkata,PM2.5 - Principal,2020-01-01 06:00 AM,2020,01,01,06,182.1,232,Very Unhealthy,158.0,UG/M3,1 Hr,Valid
Kolkata,PM2.5 - Principal,2020-01-01 07:00 AM,2020,01,01,07,179.0,229,Very Unhealthy,176.0,UG/M3,1 Hr,Valid
Kolkata,PM2.5 - Principal,2020-01-01 08:00 AM,2020,01,01,08,191.0,241,Very Unhealthy,203.0,UG/M3,1 Hr,Valid
Kolkata,PM2.5 - Principal,2020-01-01 09:00 AM,2020,01,01,09,223.0,273,Very Unhealthy,255.0,UG/M3,1 Hr,Valid
Kolkata,PM2.5 - Principal,2020-01-01 10:00 AM,2020,01,01,10,208.0,258,Very Unhealthy,193.0,UG/M3,1 Hr,Valid
Kolkata,PM2.5 - Principal,2020-01-01 11:00 AM,2020,01,01,11,176.9,227,Very Unhealthy,146.0,UG/M3,1 Hr,Valid
Kolkata,PM2.5 - Principal,2020-01-01 12:00 PM,2020,01,01,12,155.9,206,Very Unhealthy,135.0,UG/M3,1 Hr,Valid
Kolkata,PM2.5 - Principal,2020-01-01 01:00 PM,2020,01,01,13,132.4,191,Unhealthy,109.0,UG/M3,1 Hr,Valid
Kolkata,PM2.5 - Principal,2020-01-01 02:00 PM,2020,01,01,14,118.7,184,Unhealthy,105.0,UG/M3,1 Hr,Valid
Kolkata,PM2.5 - Principal,2020-01-01 03:00 PM,2020,01,01,15,111.3,180,Unhealthy,104.0,UG/M3,1 Hr,Valid
Kolkata,PM2.5 - Principal,2020-01-01 04:00 PM,2020,01,01,16,106.1,177,Unhealthy,101.0,UG/M3,1 Hr,Valid
Kolkata,PM2.5 - Principal,2020-01-01 05:00 PM,2020,01,01,17,110.5,179,Unhealthy,115.0,UG/M3,1 Hr,Valid
Kolkata,PM2.5 - Principal,2020-01-01 06:00 PM,2020,01,01,18,127.2,188,Unhealthy,144.0,UG/M3,1 Hr,Valid
Kolkata,PM2.5 - Principal,2020-01-01 07:00 PM,2020,01,01,19,165.6,216,Very Unhealthy,204.0,UG/M3,1 Hr,Valid
Kolkata,PM2.5 - Principal,2020-01-01 08:00 PM,2020,01,01,20,228.8,279,Very Unhealthy,292.0,UG/M3,1 Hr,Valid
Kolkata,PM2.5 - Principal,2020-01-01 09:00 PM,2020,01,01,21,288.9,339,Hazardous,349.0,UG/M3,1 Hr,Valid
Kolkata,PM2.5 - Principal,2020-01-01 10:00 PM,2020,01,01,22,300.4,350,Hazardous,312.0,UG/M3,1 Hr,Valid
Kolkata,PM2.5 - Principal,2020-01-01 11:00 PM,2020,01,01,23,284.7,335,Hazardous,269.0,UG/M3,1 Hr,Valid
Kolkata,PM2.5 - Principal,2020-01-02 12:00 AM,2020,01,02,00,254.8,305,Hazardous,225.0,UG/M3,1 Hr,Valid
Kolkata,PM2.5 - Principal,2020-01-02 01:00 AM,2020,01,02,01,240.4,290,Very Unhealthy,226.0,UG/M3,1 Hr,Valid
Kolkata,PM2.5 - Principal,2020-01-02 02:00 AM,2020,01,02,02,221.7,272,Very Unhealthy,203.0,UG/M3,1 Hr,Valid
Kolkata,PM2.5 - Principal,2020-01-02 03:00 AM,2020,01,02,03,206.3,256,Very Unhealthy,191.0,UG/M3,1 Hr,Valid
Kolkata,PM2.5 - Principal,2020-01-02 04:00 AM,2020,01,02,04,192.7,243,Very Unhealthy,179.0,UG/M3,1 Hr,Valid
Kolkata,PM2.5 - Principal,2020-01-02 05:00 AM,2020,01,02,05,186.8,237,Very Unhealthy,181.0,UG/M3,1 Hr,Valid
Kolkata,PM2.5 - Principal,2020-01-02 06:00 AM,2020,01,02,06,176.4,227,Very Unhealthy,166.0,UG/M3,1 Hr,Valid
Kolkata,PM2.5 - Principal,2020-01-02 07:00 AM,2020,01,02,07,186.2,236,Very Unhealthy,196.0,UG/M3,1 Hr,Valid
Kolkata,PM2.5 - Principal,2020-01-02 08:00 AM,2020,01,02,08,187.0,237,Very Unhealthy,188.0,UG/M3,1 Hr,Valid
Kolkata,PM2.5 - Principal,2020-01-02 09:00 AM,2020,01,02,09,184.2,234,Very Unhealthy,181.0,UG/M3,1 Hr,Valid
Kolkata,PM2.5 - Principal,2020-01-02 10:00 AM,2020,01,02,10,184.8,235,Very Unhealthy,185.0,UG/M3,1 Hr,Valid
Kolkata,PM2.5 - Principal,2020-01-02 11:00 AM,2020,01,02,11,182.1,232,Very Unhealthy,173.0,UG/M3,1 Hr,Valid
Kolkata,PM2.5 - Principal,2020-01-02 12:00 PM,2020,01,02,12,178.3,229,Very Unhealthy,169.0,UG/M3,1 Hr,Valid
Kolkata,PM2.5 - Principal,2020-01-02 01:00 PM,2020,01,02,13,170.9,221,Very Unhealthy,151.0,UG/M3,1 Hr,Valid
Kolkata,PM2.5 - Principal,2020-01-02 02:00 PM,2020,01,02,14,149.5,200,Unhealthy,122.0,UG/M3,1 Hr,Valid
Kolkata,PM2.5 - Principal,2020-01-02 03:00 PM,2020,01,02,15,112.0,180,Unhealthy,82.0,UG/M3,1 Hr,Valid
Kolkata,PM2.5 - Principal,2020-01-02 04:00 PM,2020,01,02,16,106.0,177,Unhealthy,100.0,UG/M3,1 Hr,Valid
Kolkata,PM2.5 - Principal,2020-01-02 05:00 PM,2020,01,02,17,112.5,180,Unhealthy,119.0,UG/M3,1 Hr,Valid
Kolkata,PM2.5 - Principal,2020-01-02 06:00 PM,2020,01,02,18,145.7,198,Unhealthy,179.0,UG/M3,1 Hr,Valid
Kolkata,PM2.5 - Principal,2020-01-02 07:00 PM,2020,01,02,19,172.8,223,Very Unhealthy,200.0,UG/M3,1 Hr,Valid
Kolkata,PM2.5 - Principal,2020-01-02 08:00 PM,2020,01,02,20,184.4,235,Very Unhealthy,196.0,UG/M3,1 Hr,Valid
Kolkata,PM2.5 - Principal,2020-01-02 09:00 PM,2020,01,02,21,208.7,259,Very Unhealthy,233.0,UG/M3,1 Hr,Valid
Kolkata,PM2.5 - Principal,2020-01-02 10:00 PM,2020,01,02,22,242.3,292,Very Unhealthy,276.0,UG/M3,1 Hr,Valid
Kolkata,PM2.5 - Principal,2020-01-02 11:00 PM,2020,01,02,23,254.6,305,Hazardous,267.0,UG/M3,1 Hr,Valid
Kolkata,PM2.5 - Principal,2020-01-03 12:00 AM,2020,01,03,00,213.8,264,Very Unhealthy,173.0,UG/M3,1 Hr,Valid
Kolkata,PM2.5 - Principal,2020-01-03 01:00 AM,2020,01,03,01,176.4,227,Very Unhealthy,139.0,UG/M3,1 Hr,Valid
Kolkata,PM2.5 - Principal,2020-01-03 02:00 AM,2020,01,03,02,157.7,208,Very Unhealthy,139.0,UG/M3,1 Hr,Valid
Kolkata,PM2.5 - Principal,2020-01-03 03:00 AM,2020,01,03,03,148.8,199,Unhealthy,140.0,UG/M3,1 Hr,Valid
Kolkata,PM2.5 - Principal,2020-01-03 04:00 AM,2020,01,03,04,125.9,187,Unhealthy,103.0,UG/M3,1 Hr,Valid
Kolkata,PM2.5 - Principal,2020-01-03 05:00 AM,2020,01,03,05,97.9,173,Unhealthy,70.0,UG/M3,1 Hr,Valid
Kolkata,PM2.5 - Principal,2020-01-03 06:00 AM,2020,01,03,06,78.4,163,Unhealthy,59.0,UG/M3,1 Hr,Valid
Kolkata,PM2.5 - Principal,2020-01-03 07:00 AM,2020,01,03,07,62.2,154,Unhealthy,46.0,UG/M3,1 Hr,Valid
Kolkata,PM2.5 - Principal,2020-01-03 08:00 AM,2020,01,03,08,51.0,139,Unhealthy for Sensitive Groups,40.0,UG/M3,1 Hr,Valid
Kolkata,PM2.5 - Principal,2020-01-03 09:00 AM,2020,01,03,09,38.5,108,Unhealthy for Sensitive Groups,26.0,UG/M3,1 Hr,Valid
Kolkata,PM2.5 - Principal,2020-01-03 10:00 AM,2020,01,03,10,29.7,88,Moderate,21.0,UG/M3,1 Hr,Valid
Kolkata,PM2.5 - Principal,2020-01-03 11:00 AM,2020,01,03,11,27.8,84,Moderate,26.0,UG/M3,1 Hr,Valid
Kolkata,PM2.5 - Principal,2020-01-03 12:00 PM,2020,01,03,12,24.8,78,Moderate,22.0,UG/M3,1 Hr,Valid
Kolkata,PM2.5 - Principal,2020-01-03 01:00 PM,2020,01,03,13,24.9,78,Moderate,25.0,UG/M3,1 Hr,Valid
Kolkata,PM2.5 - Principal,2020-01-03 02:00 PM,2020,01,03,14,29.9,88,Moderate,35.0,UG/M3,1 Hr,Valid
Kolkata,PM2.5 - Principal,2020-01-03 03:00 PM,2020,01,03,15,27.9,84,Moderate,26.0,UG/M3,1 Hr,Valid
Kolkata,PM2.5 - Principal,2020-01-03 04:00 PM,2020,01,03,16,30.4,89,Moderate,33.0,UG/M3,1 Hr,Valid
Kolkata,PM2.5 - Principal,2020-01-03 05:00 PM,2020,01,03,17,36.7,104,Unhealthy for Sensitive Groups,43.0,UG/M3,1 Hr,Valid
Kolkata,PM2.5 - Principal,2020-01-03 06:00 PM,2020,01,03,18,39.8,112,Unhealthy for Sensitive Groups,43.0,UG/M3,1 Hr,Valid
Kolkata,PM2.5 - Principal,2020-01-03 07:00 PM,2020,01,03,19,42.4,118,Unhealthy for Sensitive Groups,45.0,UG/M3,1 Hr,Valid
Kolkata,PM2.5 - Principal,2020-01-03 08:00 PM,2020,01,03,20,48.7,134,Unhealthy for Sensitive Groups,55.0,UG/M3,1 Hr,Valid
Kolkata,PM2.5 - Principal,2020-01-03 09:00 PM,2020,01,03,21,57.8,152,Unhealthy,67.0,UG/M3,1 Hr,Valid
Kolkata,PM2.5 - Principal,2020-01-03 10:00 PM,2020,01,03,22,52.4,143,Unhealthy for Sensitive Groups,47.0,UG/M3,1 Hr,Valid
Kolkata,PM2.5 - Principal,2020-01-03 11:00 PM,2020,01,03,23,44.7,124,Unhealthy for Sensitive Groups,37.0,UG/M3,1 Hr,Valid
Kolkata,PM2.5 - Principal,2020-01-04 12:00 AM,2020,01,04,00,46.3,128,Unhealthy for Sensitive Groups,48.0,UG/M3,1 Hr,Valid
Kolkata,PM2.5 - Principal,2020-01-04 01:00 AM,2020,01,04,01,61.1,154,Unhealthy,76.0,UG/M3,1 Hr,Valid
Kolkata,PM2.5 - Principal,2020-01-04 02:00 AM,2020,01,04,02,67.5,157,Unhealthy,74.0,UG/M3,1 Hr,Valid
Kolkata,PM2.5 - Principal,2020-01-04 03:00 AM,2020,01,04,03,71.8,159,Unhealthy,76.0,UG/M3,1 Hr,Valid
Kolkata,PM2.5 - Principal,2020-01-04 04:00 AM,2020,01,04,04,70.9,159,Unhealthy,70.0,UG/M3,1 Hr,Valid
Kolkata,PM2.5 - Principal,2020-01-04 05:00 AM,2020,01,04,05,67.9,157,Unhealthy,65.0,UG/M3,1 Hr,Valid
Kolkata,PM2.5 - Principal,2020-01-04 06:00 AM,2020,01,04,06,76.9,162,Unhealthy,86.0,UG/M3,1 Hr,Valid
Kolkata,PM2.5 - Principal,2020-01-04 07:00 AM,2020,01,04,07,82.4,165,Unhealthy,88.0,UG/M3,1 Hr,Valid
Kolkata,PM2.5 - Principal,2020-01-04 08:00 AM,2020,01,04,08,90.2,169,Unhealthy,98.0,UG/M3,1 Hr,Valid
Kolkata,PM2.5 - Principal,2020-01-04 09:00 AM,2020,01,04,09,99.6,174,Unhealthy,109.0,UG/M3,1 Hr,Valid
Kolkata,PM2.5 - Principal,2020-01-04 10:00 AM,2020,01,04,10,82.8,165,Unhealthy,66.0,UG/M3,1 Hr,Valid
Kolkata,PM2.5 - Principal,2020-01-04 11:00 AM,2020,01,04,11,66.4,157,Unhealthy,50.0,UG/M3,1 Hr,Valid
Kolkata,PM2.5 - Principal,2020-01-04 12:00 PM,2020,01,04,12,60.2,153,Unhealthy,54.0,UG/M3,1 Hr,Valid
Kolkata,PM2.5 - Principal,2020-01-04 01:00 PM,2020,01,04,13,54.5,148,Unhealthy for Sensitive Groups,49.0,UG/M3,1 Hr,Valid
Kolkata,PM2.5 - Principal,2020-01-04 02:00 PM,2020,01,04,14,46.2,127,Unhealthy for Sensitive Groups,38.0,UG/M3,1 Hr,Valid
Kolkata,PM2.5 - Principal,2020-01-04 03:00 PM,2020,01,04,15,49.1,134,Unhealthy for Sensitive Groups,52.0,UG/M3,1 Hr,Valid
Kolkata,PM2.5 - Principal,2020-01-04 04:00 PM,2020,01,04,16,54.5,148,Unhealthy for Sensitive Groups,60.0,UG/M3,1 Hr,Valid
Kolkata,PM2.5 - Principal,2020-01-04 05:00 PM,2020,01,04,17,62.2,154,Unhealthy,70.0,UG/M3,1 Hr,Valid
Kolkata,PM2.5 - Principal,2020-01-04 06:00 PM,2020,01,04,18,84.1,166,Unhealthy,106.0,UG/M3,1 Hr,Valid
Kolkata,PM2.5 - Principal,2020-01-04 07:00 PM,2020,01,04,19,110.0,179,Unhealthy,136.0,UG/M3,1 Hr,Valid
Kolkata,PM2.5 - Principal,2020-01-04 08:00 PM,2020,01,04,20,132.5,191,Unhealthy,155.0,UG/M3,1 Hr,Valid
Kolkata,PM2.5 - Principal,2020-01-04 09:00 PM,2020,01,04,21,168.2,219,Very Unhealthy,204.0,UG/M3,1 Hr,Valid
Kolkata,PM2.5 - Principal,2020-01-04 10:00 PM,2020,01,04,22,191.6,242,Very Unhealthy,215.0,UG/M3,1 Hr,Valid
Kolkata,PM2.5 - Principal,2020-01-04 11:00 PM,2020,01,04,23,239.3,289,Very Unhealthy,287.0,UG/M3,1 Hr,Valid
Kolkata,PM2.5 - Principal,2020-01-05 12:00 AM,2020,01,05,00,256.7,307,Hazardous,274.0,UG/M3,1 Hr,Valid
Kolkata,PM2.5 - Principal,2020-01-05 01:00 AM,2020,01,05,01,235.3,285,Very Unhealthy,214.0,UG/M3,1 Hr,Valid
Kolkata,PM2.5 - Principal,2020-01-05 02:00 AM,2020,01,05,02,234.7,284,Very Unhealthy,234.0,UG/M3,1 Hr,Valid
Kolkata,PM2.5 - Principal,2020-01-05 03:00 AM,2020,01,05,03,212.8,263,Very Unhealthy,191.0,UG/M3,1 Hr,Valid
Kolkata,PM2.5 - Principal,2020-01-05 04:00 AM,2020,01,05,04,188.9,239,Very Unhealthy,165.0,UG/M3,1 Hr,Valid
Kolkata,PM2.5 - Principal,2020-01-05 05:00 AM,2020,01,05,05,144.9,197,Unhealthy,101.0,UG/M3,1 Hr,Valid
Kolkata,PM2.5 - Principal,2020-01-05 06:00 AM,2020,01,05,06,117.4,183,Unhealthy,90.0,UG/M3,1 Hr,Valid
Kolkata,PM2.5 - Principal,2020-01-05 07:00 AM,2020,01,05,07,102.2,175,Unhealthy,87.0,UG/M3,1 Hr,Valid
Kolkata,PM2.5 - Principal,2020-01-05 08:00 AM,2020,01,05,08,91.6,170,Unhealthy,81.0,UG/M3,1 Hr,Valid
Kolkata,PM2.5 - Principal,2020-01-05 09:00 AM,2020,01,05,09,93.7,171,Unhealthy,96.0,UG/M3,1 Hr,Valid
Kolkata,PM2.5 - Principal,2020-01-05 10:00 AM,2020,01,05,10,98.3,173,Unhealthy,103.0,UG/M3,1 Hr,Valid
Kolkata,PM2.5 - Principal,2020-01-05 11:00 AM,2020,01,05,11,98.6,173,Unhealthy,99.0,UG/M3,1 Hr,Valid
Kolkata,PM2.5 - Principal,2020-01-05 12:00 PM,2020,01,05,12,98.8,173,Unhealthy,99.0,UG/M3,1 Hr,Valid
Kolkata,PM2.5 - Principal,2020-01-05 01:00 PM,2020,01,05,13,96.3,172,Unhealthy,94.0,UG/M3,1 Hr,Valid
Kolkata,PM2.5 - Principal,2020-01-05 02:00 PM,2020,01,05,14,88.1,168,Unhealthy,80.0,UG/M3,1 Hr,Valid
Kolkata,PM2.5 - Principal,2020-01-05 03:00 PM,2020,01,05,15,91.0,169,Unhealthy,94.0,UG/M3,1 Hr,Valid
Kolkata,PM2.5 - Principal,2020-01-05 04:00 PM,2020,01,05,16,93.9,171,Unhealthy,99.0,UG/M3,1 Hr,Valid
Kolkata,PM2.5 - Principal,2020-01-05 05:00 PM,2020,01,05,17,97.6,173,Unhealthy,108.0,UG/M3,1 Hr,Valid
Kolkata,PM2.5 - Principal,2020-01-05 06:00 PM,2020,01,05,18,106.4,177,Unhealthy,121.0,UG/M3,1 Hr,Valid
Kolkata,PM2.5 - Principal,2020-01-05 07:00 PM,2020,01,05,19,121.2,185,Unhealthy,138.0,UG/M3,1 Hr,Valid
Kolkata,PM2.5 - Principal,2020-01-05 08:00 PM,2020,01,05,20,156.3,207,Very Unhealthy,188.0,UG/M3,1 Hr,Valid
Kolkata,PM2.5 - Principal,2020-01-05 09:00 PM,2020,01,05,21,179.6,230,Very Unhealthy,203.0,UG/M3,1 Hr,Valid
Kolkata,PM2.5 - Principal,2020-01-05 10:00 PM,2020,01,05,22,232.3,282,Very Unhealthy,285.0,UG/M3,1 Hr,Valid
Kolkata,PM2.5 - Principal,2020-01-05 11:00 PM,2020,01,05,23,300.7,351,Hazardous,369.0,UG/M3,1 Hr,Valid
Kolkata,PM2.5 - Principal,2020-01-06 12:00 AM,2020,01,06,00,311.3,361,Hazardous,322.0,UG/M3,1 Hr,Valid
Kolkata,PM2.5 - Principal,2020-01-06 01:00 AM,2020,01,06,01,297.7,348,Hazardous,284.0,UG/M3,1 Hr,Valid
Kolkata,PM2.5 - Principal,2020-01-06 02:00 AM,2020,01,06,02,296.8,347,Hazardous,296.0,UG/M3,1 Hr,Valid
Kolkata,PM2.5 - Principal,2020-01-06 03:00 AM,2020,01,06,03,280.9,331,Hazardous,265.0,UG/M3,1 Hr,Valid
Kolkata,PM2.5 - Principal,2020-01-06 04:00 AM,2020,01,06,04,262.4,313,Hazardous,244.0,UG/M3,1 Hr,Valid
Kolkata,PM2.5 - Principal,2020-01-06 05:00 AM,2020,01,06,05,237.2,287,Very Unhealthy,212.0,UG/M3,1 Hr,Valid
Kolkata,PM2.5 - Principal,2020-01-06 06:00 AM,2020,01,06,06,220.6,270,Very Unhealthy,204.0,UG/M3,1 Hr,Valid
Kolkata,PM2.5 - Principal,2020-01-06 07:00 AM,2020,01,06,07,195.3,245,Very Unhealthy,170.0,UG/M3,1 Hr,Valid
Kolkata,PM2.5 - Principal,2020-01-06 08:00 AM,2020,01,06,08,177.6,228,Very Unhealthy,160.0,UG/M3,1 Hr,Valid
Kolkata,PM2.5 - Principal,2020-01-06 09:00 AM,2020,01,06,09,162.8,213,Very Unhealthy,148.0,UG/M3,1 Hr,Valid
Kolkata,PM2.5 - Principal,2020-01-06 10:00 AM,2020,01,06,10,124.3,187,Unhealthy,86.0,UG/M3,1 Hr,Valid
Kolkata,PM2.5 - Principal,2020-01-06 11:00 AM,2020,01,06,11,109.1,179,Unhealthy,94.0,UG/M3,1 Hr,Valid
Kolkata,PM2.5 - Principal,2020-01-06 12:00 PM,2020,01,06,12,94.0,171,Unhealthy,79.0,UG/M3,1 Hr,Valid
Kolkata,PM2.5 - Principal,2020-01-06 01:00 PM,2020,01,06,13,83.4,165,Unhealthy,73.0,UG/M3,1 Hr,Valid
Kolkata,PM2.5 - Principal,2020-01-06 02:00 PM,2020,01,06,14,79.7,163,Unhealthy,76.0,UG/M3,1 Hr,Valid
Kolkata,PM2.5 - Principal,2020-01-06 03:00 PM,2020,01,06,15,76.8,162,Unhealthy,74.0,UG/M3,1 Hr,Valid
Kolkata,PM2.5 - Principal,2020-01-06 04:00 PM,2020,01,06,16,72.8,160,Unhealthy,69.0,UG/M3,1 Hr,Valid
Kolkata,PM2.5 - Principal,2020-01-06 05:00 PM,2020,01,06,17,79.9,164,Unhealthy,87.0,UG/M3,1 Hr,Valid
Kolkata,PM2.5 - Principal,2020-01-06 06:00 PM,2020,01,06,18,101.4,175,Unhealthy,123.0,UG/M3,1 Hr,Valid
Kolkata,PM2.5 - Principal,2020-01-06 07:00 PM,2020,01,06,19,129.2,189,Unhealthy,157.0,UG/M3,1 Hr,Valid
Kolkata,PM2.5 - Principal,2020-01-06 08:00 PM,2020,01,06,20,154.6,205,Very Unhealthy,180.0,UG/M3,1 Hr,Valid
Kolkata,PM2.5 - Principal,2020-01-06 09:00 PM,2020,01,06,21,172.3,223,Very Unhealthy,190.0,UG/M3,1 Hr,Valid
Kolkata,PM2.5 - Principal,2020-01-06 10:00 PM,2020,01,06,22,171.1,221,Very Unhealthy,170.0,UG/M3,1 Hr,Valid
Kolkata,PM2.5 - Principal,2020-01-06 11:00 PM,2020,01,06,23,168.5,219,Very Unhealthy,166.0,UG/M3,1 Hr,Valid
Kolkata,PM2.5 - Principal,2020-01-07 12:00 AM,2020,01,07,00,169.3,220,Very Unhealthy,170.0,UG/M3,1 Hr,Valid
Kolkata,PM2.5 - Principal,2020-01-07 01:00 AM,2020,01,07,01,163.6,214,Very Unhealthy,158.0,UG/M3,1 Hr,Valid
Kolkata,PM2.5 - Principal,2020-01-07 02:00 AM,2020,01,07,02,155.8,206,Very Unhealthy,148.0,UG/M3,1 Hr,Valid
Kolkata,PM2.5 - Principal,2020-01-07 03:00 AM,2020,01,07,03,157.9,208,Very Unhealthy,160.0,UG/M3,1 Hr,Valid
Kolkata,PM2.5 - Principal,2020-01-07 04:00 AM,2020,01,07,04,159.9,210,Very Unhealthy,162.0,UG/M3,1 Hr,Valid
Kolkata,PM2.5 - Principal,2020-01-07 05:00 AM,2020,01,07,05,162.3,213,Very Unhealthy,166.0,UG/M3,1 Hr,Valid
Kolkata,PM2.5 - Principal,2020-01-07 06:00 AM,2020,01,07,06,164.2,215,Very Unhealthy,168.0,UG/M3,1 Hr,Valid
Kolkata,PM2.5 - Principal,2020-01-07 07:00 AM,2020,01,07,07,190.1,240,Very Unhealthy,234.0,UG/M3,1 Hr,Valid
Kolkata,PM2.5 - Principal,2020-01-07 08:00 AM,2020,01,07,08,201.9,252,Very Unhealthy,222.0,UG/M3,1 Hr,Valid
Kolkata,PM2.5 - Principal,2020-01-07 09:00 AM,2020,01,07,09,215.5,265,Very Unhealthy,237.0,UG/M3,1 Hr,Valid
Kolkata,PM2.5 - Principal,2020-01-07 10:00 AM,2020,01,07,10,218.4,268,Very Unhealthy,223.0,UG/M3,1 Hr,Valid
Kolkata,PM2.5 - Principal,2020-01-07 11:00 AM,2020,01,07,11,204.3,254,Very Unhealthy,181.0,UG/M3,1 Hr,Valid
Kolkata,PM2.5 - Principal,2020-01-07 12:00 PM,2020,01,07,12,191.0,241,Very Unhealthy,169.0,UG/M3,1 Hr,Valid
Kolkata,PM2.5 - Principal,2020-01-07 01:00 PM,2020,01,07,13,176.7,227,Very Unhealthy,153.0,UG/M3,1 Hr,Valid
Kolkata,PM2.5 - Principal,2020-01-07 02:00 PM,2020,01,07,14,165.9,216,Very Unhealthy,148.0,UG/M3,1 Hr,Valid
Kolkata,PM2.5 - Principal,2020-01-07 03:00 PM,2020,01,07,15,157.9,208,Very Unhealthy,146.0,UG/M3,1 Hr,Valid
Kolkata,PM2.5 - Principal,2020-01-07 04:00 PM,2020,01,07,16,155.2,206,Very Unhealthy,151.0,UG/M3,1 Hr,Valid
Kolkata,PM2.5 - Principal,2020-01-07 05:00 PM,2020,01,07,17,159.7,210,Very Unhealthy,167.0,UG/M3,1 Hr,Valid
Kolkata,PM2.5 - Principal,2020-01-07 06:00 PM,2020,01,07,18,169.4,220,Very Unhealthy,185.0,UG/M3,1 Hr,Valid
Kolkata,PM2.5 - Principal,2020-01-07 07:00 PM,2020,01,07,19,194.6,245,Very Unhealthy,235.0,UG/M3,1 Hr,Valid
Kolkata,PM2.5 - Principal,2020-01-07 08:00 PM,2020,01,07,20,240.0,290,Very Unhealthy,281.0,UG/M3,1 Hr,Valid
Kolkata,PM2.5 - Principal,2020-01-07 09:00 PM,2020,01,07,21,276.6,327,Hazardous,311.0,UG/M3,1 Hr,Valid
Kolkata,PM2.5 - Principal,2020-01-07 10:00 PM,2020,01,07,22,286.3,336,Hazardous,296.0,UG/M3,1 Hr,Valid
Kolkata,PM2.5 - Principal,2020-01-07 11:00 PM,2020,01,07,23,335.6,385,Hazardous,385.0,UG/M3,1 Hr,Valid
Kolkata,PM2.5 - Principal,2020-01-08 12:00 AM,2020,01,08,00,389.8,427,Hazardous,444.0,UG/M3,1 Hr,Valid
Kolkata,PM2.5 - Principal,2020-01-08 01:00 AM,2020,01,08,01,390.4,427,Hazardous,391.0,UG/M3,1 Hr,Valid
Kolkata,PM2.5 - Principal,2020-01-08 02:00 AM,2020,01,08,02,381.2,421,Hazardous,372.0,UG/M3,1 Hr,Valid
Kolkata,PM2.5 - Principal,2020-01-08 03:00 AM,2020,01,08,03,399.1,433,Hazardous,417.0,UG/M3,1 Hr,Valid
Kolkata,PM2.5 - Principal,2020-01-08 04:00 AM,2020,01,08,04,368.1,413,Hazardous,337.0,UG/M3,1 Hr,Valid
Kolkata,PM2.5 - Principal,2020-01-08 05:00 AM,2020,01,08,05,334.5,384,Hazardous,301.0,UG/M3,1 Hr,Valid
Kolkata,PM2.5 - Principal,2020-01-08 06:00 AM,2020,01,08,06,306.0,356,Hazardous,271.0,UG/M3,1 Hr,Valid
Kolkata,PM2.5 - Principal,2020-01-08 07:00 AM,2020,01,08,07,291.4,342,Hazardous,261.0,UG/M3,1 Hr,Valid
Kolkata,PM2.5 - Principal,2020-01-08 08:00 AM,2020,01,08,08,274.3,325,Hazardous,254.0,UG/M3,1 Hr,Valid
Kolkata,PM2.5 - Principal,2020-01-08 09:00 AM,2020,01,08,09,226.9,277,Very Unhealthy,186.0,UG/M3,1 Hr,Valid
Kolkata,PM2.5 - Principal,2020-01-08 10:00 AM,2020,01,08,10,183.4,234,Very Unhealthy,140.0,UG/M3,1 Hr,Valid
Kolkata,PM2.5 - Principal,2020-01-08 11:00 AM,2020,01,08,11,148.1,199,Unhealthy,113.0,UG/M3,1 Hr,Valid
Kolkata,PM2.5 - Principal,2020-01-08 12:00 PM,2020,01,08,12,127.0,188,Unhealthy,106.0,UG/M3,1 Hr,Valid
Kolkata,PM2.5 - Principal,2020-01-08 01:00 PM,2020,01,08,13,116.4,182,Unhealthy,106.0,UG/M3,1 Hr,Valid
Kolkata,PM2.5 - Principal,2020-01-08 02:00 PM,2020,01,08,14,100.2,174,Unhealthy,84.0,UG/M3,1 Hr,Valid
Kolkata,PM2.5 - Principal,2020-01-08 03:00 PM,2020,01,08,15,93.0,170,Unhealthy,86.0,UG/M3,1 Hr,Valid
Kolkata,PM2.5 - Principal,2020-01-08 04:00 PM,2020,01,08,16,86.5,167,Unhealthy,80.0,UG/M3,1 Hr,Valid
Kolkata,PM2.5 - Principal,2020-01-08 05:00 PM,2020,01,08,17,86.7,167,Unhealthy,87.0,UG/M3,1 Hr,Valid
Kolkata,PM2.5 - Principal,2020-01-08 06:00 PM,2020,01,08,18,97.8,173,Unhealthy,109.0,UG/M3,1 Hr,Valid
Kolkata,PM2.5 - Principal,2020-01-08 07:00 PM,2020,01,08,19,123.4,186,Unhealthy,149.0,UG/M3,1 Hr,Valid
Kolkata,PM2.5 - Principal,2020-01-08 08:00 PM,2020,01,08,20,157.6,208,Very Unhealthy,192.0,UG/M3,1 Hr,Valid
Kolkata,PM2.5 - Principal,2020-01-08 09:00 PM,2020,01,08,21,157.8,208,Very Unhealthy,158.0,UG/M3,1 Hr,Valid
Kolkata,PM2.5 - Principal,2020-01-08 10:00 PM,2020,01,08,22,145.9,198,Unhealthy,134.0,UG/M3,1 Hr,Valid
Kolkata,PM2.5 - Principal,2020-01-08 11:00 PM,2020,01,08,23,146.9,198,Unhealthy,148.0,UG/M3,1 Hr,Valid
Kolkata,PM2.5 - Principal,2020-01-09 12:00 AM,2020,01,09,00,156.4,207,Very Unhealthy,166.0,UG/M3,1 Hr,Valid
Kolkata,PM2.5 - Principal,2020-01-09 01:00 AM,2020,01,09,01,171.7,222,Very Unhealthy,187.0,UG/M3,1 Hr,Valid
Kolkata,PM2.5 - Principal,2020-01-09 02:00 AM,2020,01,09,02,164.8,215,Very Unhealthy,158.0,UG/M3,1 Hr,Valid
Kolkata,PM2.5 - Principal,2020-01-09 03:00 AM,2020,01,09,03,162.9,213,Very Unhealthy,161.0,UG/M3,1 Hr,Valid
Kolkata,PM2.5 - Principal,2020-01-09 04:00 AM,2020,01,09,04,165.4,216,Very Unhealthy,168.0,UG/M3,1 Hr,Valid
Kolkata,PM2.5 - Principal,2020-01-09 05:00 AM,2020,01,09,05,177.3,228,Very Unhealthy,193.0,UG/M3,1 Hr,Valid
Kolkata,PM2.5 - Principal,2020-01-09 06:00 AM,2020,01,09,06,184.7,235,Very Unhealthy,204.0,UG/M3,1 Hr,Valid
Kolkata,PM2.5 - Principal,2020-01-09 07:00 AM,2020,01,09,07,211.7,262,Very Unhealthy,240.0,UG/M3,1 Hr,Valid
Kolkata,PM2.5 - Principal,2020-01-09 08:00 AM,2020,01,09,08,209.1,259,Very Unhealthy,206.0,UG/M3,1 Hr,Valid
Kolkata,PM2.5 - Principal,2020-01-09 09:00 AM,2020,01,09,09,189.6,240,Very Unhealthy,165.0,UG/M3,1 Hr,Valid
Kolkata,PM2.5 - Principal,2020-01-09 10:00 AM,2020,01,09,10,145.4,197,Unhealthy,103.0,UG/M3,1 Hr,Valid
Kolkata,PM2.5 - Principal,2020-01-09 11:00 AM,2020,01,09,11,124.2,186,Unhealthy,103.0,UG/M3,1 Hr,Valid
Kolkata,PM2.5 - Principal,2020-01-09 12:00 PM,2020,01,09,12,109.1,179,Unhealthy,94.0,UG/M3,1 Hr,Valid
Kolkata,PM2.5 - Principal,2020-01-09 01:00 PM,2020,01,09,13,102.0,175,Unhealthy,95.0,UG/M3,1 Hr,Valid
Kolkata,PM2.5 - Principal,2020-01-09 02:00 PM,2020,01,09,14,98.0,173,Unhealthy,94.0,UG/M3,1 Hr,Valid
Kolkata,PM2.5 - Principal,2020-01-09 03:00 PM,2020,01,09,15,108.0,178,Unhealthy,118.0,UG/M3,1 Hr,Valid
Kolkata,PM2.5 - Principal,2020-01-09 04:00 PM,2020,01,09,16,119.9,184,Unhealthy,132.0,UG/M3,1 Hr,Valid
Kolkata,PM2.5 - Principal,2020-01-09 05:00 PM,2020,01,09,17,112.4,180,Unhealthy,105.0,UG/M3,1 Hr,Valid
Kolkata,PM2.5 - Principal,2020-01-09 06:00 PM,2020,01,09,18,97.2,173,Unhealthy,82.0,UG/M3,1 Hr,Valid
Kolkata,PM2.5 - Principal,2020-01-09 07:00 PM,2020,01,09,19,94.0,171,Unhealthy,91.0,UG/M3,1 Hr,Valid
Kolkata,PM2.5 - Principal,2020-01-09 08:00 PM,2020,01,09,20,103.0,176,Unhealthy,112.0,UG/M3,1 Hr,Valid
Kolkata,PM2.5 - Principal,2020-01-09 09:00 PM,2020,01,09,21,113.6,181,Unhealthy,132.0,UG/M3,1 Hr,Valid
Kolkata,PM2.5 - Principal,2020-01-09 10:00 PM,2020,01,09,22,121.7,185,Unhealthy,134.0,UG/M3,1 Hr,Valid
Kolkata,PM2.5 - Principal,2020-01-09 11:00 PM,2020,01,09,23,122.6,186,Unhealthy,124.0,UG/M3,1 Hr,Valid
Kolkata,PM2.5 - Principal,2020-01-10 12:00 AM,2020,01,10,00,124.3,187,Unhealthy,127.0,UG/M3,1 Hr,Valid
Kolkata,PM2.5 - Principal,2020-01-10 01:00 AM,2020,01,10,01,126.9,188,Unhealthy,131.0,UG/M3,1 Hr,Valid
Kolkata,PM2.5 - Principal,2020-01-10 02:00 AM,2020,01,10,02,136.8,193,Unhealthy,148.0,UG/M3,1 Hr,Valid
Kolkata,PM2.5 - Principal,2020-01-10 03:00 AM,2020,01,10,03,146.9,198,Unhealthy,157.0,UG/M3,1 Hr,Valid
Kolkata,PM2.5 - Principal,2020-01-10 04:00 AM,2020,01,10,04,149.8,200,Unhealthy,153.0,UG/M3,1 Hr,Valid
Kolkata,PM2.5 - Principal,2020-01-10 05:00 AM,2020,01,10,05,134.1,192,Unhealthy,117.0,UG/M3,1 Hr,Valid
Kolkata,PM2.5 - Principal,2020-01-10 06:00 AM,2020,01,10,06,136.8,193,Unhealthy,139.0,UG/M3,1 Hr,Valid
Kolkata,PM2.5 - Principal,2020-01-10 07:00 AM,2020,01,10,07,136.9,193,Unhealthy,136.0,UG/M3,1 Hr,Valid
Kolkata,PM2.5 - Principal,2020-01-10 08:00 AM,2020,01,10,08,137.6,193,Unhealthy,139.0,UG/M3,1 Hr,Valid
Kolkata,PM2.5 - Principal,2020-01-10 09:00 AM,2020,01,10,09,140.6,195,Unhealthy,149.0,UG/M3,1 Hr,Valid
Kolkata,PM2.5 - Principal,2020-01-10 10:00 AM,2020,01,10,10,137.1,193,Unhealthy,127.0,UG/M3,1 Hr,Valid
Kolkata,PM2.5 - Principal,2020-01-10 11:00 AM,2020,01,10,11,133.5,191,Unhealthy,123.0,UG/M3,1 Hr,Valid
Kolkata,PM2.5 - Principal,2020-01-10 12:00 PM,2020,01,10,12,128.3,189,Unhealthy,115.0,UG/M3,1 Hr,Valid
Kolkata,PM2.5 - Principal,2020-01-10 01:00 PM,2020,01,10,13,125.7,187,Unhealthy,119.0,UG/M3,1 Hr,Valid
Kolkata,PM2.5 - Principal,2020-01-10 02:00 PM,2020,01,10,14,116.4,182,Unhealthy,103.0,UG/M3,1 Hr,Valid
Kolkata,PM2.5 - Principal,2020-01-10 03:00 PM,2020,01,10,15,112.6,180,Unhealthy,104.0,UG/M3,1 Hr,Valid
Kolkata,PM2.5 - Principal,2020-01-10 04:00 PM,2020,01,10,16,113.0,181,Unhealthy,113.0,UG/M3,1 Hr,Valid
Kolkata,PM2.5 - Principal,2020-01-10 05:00 PM,2020,01,10,17,111.1,180,Unhealthy,107.0,UG/M3,1 Hr,Valid
Kolkata,PM2.5 - Principal,2020-01-10 06:00 PM,2020,01,10,18,120.9,185,Unhealthy,143.0,UG/M3,1 Hr,Valid
Kolkata,PM2.5 - Principal,2020-01-10 07:00 PM,2020,01,10,19,145.8,198,Unhealthy,177.0,UG/M3,1 Hr,Valid
Kolkata,PM2.5 - Principal,2020-01-10 08:00 PM,2020,01,10,20,179.7,230,Very Unhealthy,208.0,UG/M3,1 Hr,Valid
Kolkata,PM2.5 - Principal,2020-01-10 09:00 PM,2020,01,10,21,158.8,209,Very Unhealthy,138.0,UG/M3,1 Hr,Valid
Kolkata,PM2.5 - Principal,2020-01-10 10:00 PM,2020,01,10,22,146.9,198,Unhealthy,135.0,UG/M3,1 Hr,Valid
Kolkata,PM2.5 - Principal,2020-01-10 11:00 PM,2020,01,10,23,134.4,192,Unhealthy,122.0,UG/M3,1 Hr,Valid
Kolkata,PM2.5 - Principal,2020-01-11 12:00 AM,2020,01,11,00,129.7,189,Unhealthy,125.0,UG/M3,1 Hr,Valid
Kolkata,PM2.5 - Principal,2020-01-11 01:00 AM,2020,01,11,01,123.8,186,Unhealthy,118.0,UG/M3,1 Hr,Valid
Kolkata,PM2.5 - Principal,2020-01-11 02:00 AM,2020,01,11,02,120.4,185,Unhealthy,117.0,UG/M3,1 Hr,Valid
Kolkata,PM2.5 - Principal,2020-01-11 03:00 AM,2020,01,11,03,112.2,180,Unhealthy,104.0,UG/M3,1 Hr,Valid
Kolkata,PM2.5 - Principal,2020-01-11 04:00 AM,2020,01,11,04,103.6,176,Unhealthy,95.0,UG/M3,1 Hr,Valid
Kolkata,PM2.5 - Principal,2020-01-11 05:00 AM,2020,01,11,05,100.8,174,Unhealthy,98.0,UG/M3,1 Hr,Valid
Kolkata,PM2.5 - Principal,2020-01-11 06:00 AM,2020,01,11,06,98.8,173,Unhealthy,97.0,UG/M3,1 Hr,Valid
Kolkata,PM2.5 - Principal,2020-01-11 07:00 AM,2020,01,11,07,104.4,176,Unhealthy,110.0,UG/M3,1 Hr,Valid
Kolkata,PM2.5 - Principal,2020-01-11 08:00 AM,2020,01,11,08,109.1,179,Unhealthy,118.0,UG/M3,1 Hr,Valid
Kolkata,PM2.5 - Principal,2020-01-11 09:00 AM,2020,01,11,09,114.3,181,Unhealthy,127.0,UG/M3,1 Hr,Valid
Kolkata,PM2.5 - Principal,2020-01-11 10:00 AM,2020,01,11,10,114.8,182,Unhealthy,119.0,UG/M3,1 Hr,Valid
Kolkata,PM2.5 - Principal,2020-01-11 11:00 AM,2020,01,11,11,114.0,181,Unhealthy,112.0,UG/M3,1 Hr,Valid
Kolkata,PM2.5 - Principal,2020-01-11 12:00 PM,2020,01,11,12,109.2,179,Unhealthy,96.0,UG/M3,1 Hr,Valid
Kolkata,PM2.5 - Principal,2020-01-11 01:00 PM,2020,01,11,13,105.7,177,Unhealthy,96.0,UG/M3,1 Hr,Valid
Kolkata,PM2.5 - Principal,2020-01-11 02:00 PM,2020,01,11,14,102.4,175,Unhealthy,94.0,UG/M3,1 Hr,Valid
Kolkata,PM2.5 - Principal,2020-01-11 03:00 PM,2020,01,11,15,100.4,174,Unhealthy,95.0,UG/M3,1 Hr,Valid
Kolkata,PM2.5 - Principal,2020-01-11 04:00 PM,2020,01,11,16,96.8,172,Unhealthy,90.0,UG/M3,1 Hr,Valid
Kolkata,PM2.5 - Principal,2020-01-11 05:00 PM,2020,01,11,17,99.2,174,Unhealthy,105.0,UG/M3,1 Hr,Valid
Kolkata,PM2.5 - Principal,2020-01-11 06:00 PM,2020,01,11,18,132.3,191,Unhealthy,170.0,UG/M3,1 Hr,Valid
Kolkata,PM2.5 - Principal,2020-01-11 07:00 PM,2020,01,11,19,189.2,239,Very Unhealthy,244.0,UG/M3,1 Hr,Valid
Kolkata,PM2.5 - Principal,2020-01-11 08:00 PM,2020,01,11,20,220.1,270,Very Unhealthy,251.0,UG/M3,1 Hr,Valid
Kolkata,PM2.5 - Principal,2020-01-11 09:00 PM,2020,01,11,21,228.0,278,Very Unhealthy,236.0,UG/M3,1 Hr,Valid
Kolkata,PM2.5 - Principal,2020-01-11 10:00 PM,2020,01,11,22,247.5,297,Very Unhealthy,267.0,UG/M3,1 Hr,Valid
Kolkata,PM2.5 - Principal,2020-01-11 11:00 PM,2020,01,11,23,255.3,306,Hazardous,263.0,UG/M3,1 Hr,Valid
Kolkata,PM2.5 - Principal,2020-01-12 12:00 AM,2020,01,12,00,240.6,290,Very Unhealthy,226.0,UG/M3,1 Hr,Valid
Kolkata,PM2.5 - Principal,2020-01-12 01:00 AM,2020,01,12,01,203.8,254,Very Unhealthy,167.0,UG/M3,1 Hr,Valid
Kolkata,PM2.5 - Principal,2020-01-12 02:00 AM,2020,01,12,02,174.4,225,Very Unhealthy,145.0,UG/M3,1 Hr,Valid
Kolkata,PM2.5 - Principal,2020-01-12 03:00 AM,2020,01,12,03,150.2,200,Unhealthy,126.0,UG/M3,1 Hr,Valid
Kolkata,PM2.5 - Principal,2020-01-12 04:00 AM,2020,01,12,04,140.1,195,Unhealthy,130.0,UG/M3,1 Hr,Valid
Kolkata,PM2.5 - Principal,2020-01-12 05:00 AM,2020,01,12,05,136.5,193,Unhealthy,133.0,UG/M3,1 Hr,Valid
Kolkata,PM2.5 - Principal,2020-01-12 06:00 AM,2020,01,12,06,135.7,192,Unhealthy,135.0,UG/M3,1 Hr,Valid
Kolkata,PM2.5 - Principal,2020-01-12 07:00 AM,2020,01,12,07,136.8,193,Unhealthy,138.0,UG/M3,1 Hr,Valid
Kolkata,PM2.5 - Principal,2020-01-12 08:00 AM,2020,01,12,08,141.4,195,Unhealthy,146.0,UG/M3,1 Hr,Valid
Kolkata,PM2.5 - Principal,2020-01-12 09:00 AM,2020,01,12,09,137.1,193,Unhealthy,133.0,UG/M3,1 Hr,Valid
Kolkata,PM2.5 - Principal,2020-01-12 10:00 AM,2020,01,12,10,136.5,193,Unhealthy,136.0,UG/M3,1 Hr,Valid
Kolkata,PM2.5 - Principal,2020-01-12 11:00 AM,2020,01,12,11,122.7,186,Unhealthy,109.0,UG/M3,1 Hr,Valid
Kolkata,PM2.5 - Principal,2020-01-12 12:00 PM,2020,01,12,12,116.5,182,Unhealthy,102.0,UG/M3,1 Hr,Valid
Kolkata,PM2.5 - Principal,2020-01-12 01:00 PM,2020,01,12,13,106.4,177,Unhealthy,90.0,UG/M3,1 Hr,Valid
Kolkata,PM2.5 - Principal,2020-01-12 02:00 PM,2020,01,12,14,87.9,168,Unhealthy,74.0,UG/M3,1 Hr,Valid
Kolkata,PM2.5 - Principal,2020-01-12 03:00 PM,2020,01,12,15,81.0,164,Unhealthy,74.0,UG/M3,1 Hr,Valid
Kolkata,PM2.5 - Principal,2020-01-12 04:00 PM,2020,01,12,16,69.8,158,Unhealthy,59.0,UG/M3,1 Hr,Valid
Kolkata,PM2.5 - Principal,2020-01-12 05:00 PM,2020,01,12,17,64.9,156,Unhealthy,60.0,UG/M3,1 Hr,Valid
Kolkata,PM2.5 - Principal,2020-01-12 06:00 PM,2020,01,12,18,72.9,160,Unhealthy,81.0,UG/M3,1 Hr,Valid
Kolkata,PM2.5 - Principal,2020-01-12 07:00 PM,2020,01,12,19,82.9,165,Unhealthy,93.0,UG/M3,1 Hr,Valid
Kolkata,PM2.5 - Principal,2020-01-12 08:00 PM,2020,01,12,20,100.4,174,Unhealthy,118.0,UG/M3,1 Hr,Valid
Kolkata,PM2.5 - Principal,2020-01-12 09:00 PM,2020,01,12,21,143.7,197,Unhealthy,187.0,UG/M3,1 Hr,Valid
Kolkata,PM2.5 - Principal,2020-01-12 10:00 PM,2020,01,12,22,168.3,219,Very Unhealthy,193.0,UG/M3,1 Hr,Valid
Kolkata,PM2.5 - Principal,2020-01-12 11:00 PM,2020,01,12,23,173.1,223,Very Unhealthy,178.0,UG/M3,1 Hr,Valid
Kolkata,PM2.5 - Principal,2020-01-13 12:00 AM,2020,01,13,00,170.1,220,Very Unhealthy,167.0,UG/M3,1 Hr,Valid
Kolkata,PM2.5 - Principal,2020-01-13 01:00 AM,2020,01,13,01,170.5,221,Very Unhealthy,171.0,UG/M3,1 Hr,Valid
Kolkata,PM2.5 - Principal,2020-01-13 02:00 AM,2020,01,13,02,145.2,197,Unhealthy,120.0,UG/M3,1 Hr,Valid
Kolkata,PM2.5 - Principal,2020-01-13 03:00 AM,2020,01,13,03,127.6,188,Unhealthy,110.0,UG/M3,1 Hr,Valid
Kolkata,PM2.5 - Principal,2020-01-13 04:00 AM,2020,01,13,04,116.8,183,Unhealthy,106.0,UG/M3,1 Hr,Valid
Kolkata,PM2.5 - Principal,2020-01-13 05:00 AM,2020,01,13,05,116.9,183,Unhealthy,117.0,UG/M3,1 Hr,Valid
Kolkata,PM2.5 - Principal,2020-01-13 06:00 AM,2020,01,13,06,127.4,188,Unhealthy,138.0,UG/M3,1 Hr,Valid
Kolkata,PM2.5 - Principal,2020-01-13 07:00 AM,2020,01,13,07,145.1,197,Unhealthy,167.0,UG/M3,1 Hr,Valid
Kolkata,PM2.5 - Principal,2020-01-13 08:00 AM,2020,01,13,08,141.0,195,Unhealthy,136.0,UG/M3,1 Hr,Valid
Kolkata,PM2.5 - Principal,2020-01-13 09:00 AM,2020,01,13,09,134.2,192,Unhealthy,126.0,UG/M3,1 Hr,Valid
Kolkata,PM2.5 - Principal,2020-01-13 10:00 AM,2020,01,13,10,125.7,187,Unhealthy,113.0,UG/M3,1 Hr,Valid
Kolkata,PM2.5 - Principal,2020-01-13 11:00 AM,2020,01,13,11,116.7,183,Unhealthy,103.0,UG/M3,1 Hr,Valid
Kolkata,PM2.5 - Principal,2020-01-13 12:00 PM,2020,01,13,12,104.0,176,Unhealthy,92.0,UG/M3,1 Hr,Valid
Kolkata,PM2.5 - Principal,2020-01-13 01:00 PM,2020,01,13,13,106.1,177,Unhealthy,108.0,UG/M3,1 Hr,Valid
Kolkata,PM2.5 - Principal,2020-01-13 02:00 PM,2020,01,13,14,107.4,178,Unhealthy,109.0,UG/M3,1 Hr,Valid
Kolkata,PM2.5 - Principal,2020-01-13 03:00 PM,2020,01,13,15,108.1,178,Unhealthy,109.0,UG/M3,1 Hr,Valid
Kolkata,PM2.5 - Principal,2020-01-13 04:00 PM,2020,01,13,16,117.5,183,Unhealthy,129.0,UG/M3,1 Hr,Valid
Kolkata,PM2.5 - Principal,2020-01-13 05:00 PM,2020,01,13,17,124.4,187,Unhealthy,133.0,UG/M3,1 Hr,Valid
Kolkata,PM2.5 - Principal,2020-01-13 06:00 PM,2020,01,13,18,138.1,194,Unhealthy,155.0,UG/M3,1 Hr,Valid
Kolkata,PM2.5 - Principal,2020-01-13 07:00 PM,2020,01,13,19,177.1,227,Very Unhealthy,214.0,UG/M3,1 Hr,Valid
Kolkata,PM2.5 - Principal,2020-01-13 08:00 PM,2020,01,13,20,260.6,311,Hazardous,344.0,UG/M3,1 Hr,Valid
Kolkata,PM2.5 - Principal,2020-01-13 09:00 PM,2020,01,13,21,299.8,350,Hazardous,339.0,UG/M3,1 Hr,Valid
Kolkata,PM2.5 - Principal,2020-01-13 10:00 PM,2020,01,13,22,299.8,350,Hazardous,-999.0,UG/M3,1 Hr,Missing
Kolkata,PM2.5 - Principal,2020-01-13 11:00 PM,2020,01,13,23,365.3,411,Hazardous,398.0,UG/M3,1 Hr,Valid
Kolkata,PM2.5 - Principal,2020-01-14 12:00 AM,2020,01,14,00,382.3,422,Hazardous,395.0,UG/M3,1 Hr,Valid
Kolkata,PM2.5 - Principal,2020-01-14 01:00 AM,2020,01,14,01,382.4,422,Hazardous,-999.0,UG/M3,1 Hr,Missing
Kolkata,PM2.5 - Principal,2020-01-14 04:00 AM,2020,01,14,04,-999.0,-999,N/A,384.0,UG/M3,1 Hr,Valid
Kolkata,PM2.5 - Principal,2020-01-14 05:00 AM,2020,01,14,05,326.1,376,Hazardous,294.0,UG/M3,1 Hr,Valid
Kolkata,PM2.5 - Principal,2020-01-14 06:00 AM,2020,01,14,06,328.7,378,Hazardous,329.0,UG/M3,1 Hr,Valid
Kolkata,PM2.5 - Principal,2020-01-14 07:00 AM,2020,01,14,07,269.2,320,Hazardous,211.0,UG/M3,1 Hr,Valid
Kolkata,PM2.5 - Principal,2020-01-14 08:00 AM,2020,01,14,08,225.3,275,Very Unhealthy,187.0,UG/M3,1 Hr,Valid
Kolkata,PM2.5 - Principal,2020-01-14 09:00 AM,2020,01,14,09,205.3,255,Very Unhealthy,186.0,UG/M3,1 Hr,Valid
Kolkata,PM2.5 - Principal,2020-01-14 10:00 AM,2020,01,14,10,184.0,234,Very Unhealthy,163.0,UG/M3,1 Hr,Valid
Kolkata,PM2.5 - Principal,2020-01-14 11:00 AM,2020,01,14,11,173.9,224,Very Unhealthy,164.0,UG/M3,1 Hr,Valid
Kolkata,PM2.5 - Principal,2020-01-14 12:00 PM,2020,01,14,12,142.3,196,Unhealthy,111.0,UG/M3,1 Hr,Valid
Kolkata,PM2.5 - Principal,2020-01-14 01:00 PM,2020,01,14,13,142.6,196,Unhealthy,143.0,UG/M3,1 Hr,Valid
Kolkata,PM2.5 - Principal,2020-01-14 02:00 PM,2020,01,14,14,142.8,196,Unhealthy,143.0,UG/M3,1 Hr,Valid
Kolkata,PM2.5 - Principal,2020-01-14 03:00 PM,2020,01,14,15,124.9,187,Unhealthy,107.0,UG/M3,1 Hr,Valid
Kolkata,PM2.5 - Principal,2020-01-14 04:00 PM,2020,01,14,16,112.9,181,Unhealthy,101.0,UG/M3,1 Hr,Valid
Kolkata,PM2.5 - Principal,2020-01-14 05:00 PM,2020,01,14,17,117.9,183,Unhealthy,123.0,UG/M3,1 Hr,Valid
Kolkata,PM2.5 - Principal,2020-01-14 06:00 PM,2020,01,14,18,129.9,189,Unhealthy,142.0,UG/M3,1 Hr,Valid
Kolkata,PM2.5 - Principal,2020-01-14 07:00 PM,2020,01,14,19,181.4,232,Very Unhealthy,233.0,UG/M3,1 Hr,Valid
Kolkata,PM2.5 - Principal,2020-01-14 08:00 PM,2020,01,14,20,262.7,313,Hazardous,344.0,UG/M3,1 Hr,Valid
Kolkata,PM2.5 - Principal,2020-01-14 09:00 PM,2020,01,14,21,336.4,386,Hazardous,410.0,UG/M3,1 Hr,Valid
Kolkata,PM2.5 - Principal,2020-01-14 10:00 PM,2020,01,14,22,364.7,410,Hazardous,393.0,UG/M3,1 Hr,Valid
Kolkata,PM2.5 - Principal,2020-01-14 11:00 PM,2020,01,14,23,372.3,415,Hazardous,380.0,UG/M3,1 Hr,Valid
Kolkata,PM2.5 - Principal,2020-01-15 12:00 AM,2020,01,15,00,385.7,424,Hazardous,399.0,UG/M3,1 Hr,Valid
Kolkata,PM2.5 - Principal,2020-01-15 01:00 AM,2020,01,15,01,379.3,420,Hazardous,373.0,UG/M3,1 Hr,Valid
Kolkata,PM2.5 - Principal,2020-01-15 02:00 AM,2020,01,15,02,372.2,415,Hazardous,365.0,UG/M3,1 Hr,Valid
Kolkata,PM2.5 - Principal,2020-01-15 03:00 AM,2020,01,15,03,372.2,415,Hazardous,-999.0,UG/M3,1 Hr,Missing
Kolkata,PM2.5 - Principal,2020-01-15 04:00 AM,2020,01,15,04,406.1,438,Hazardous,423.0,UG/M3,1 Hr,Valid
Kolkata,PM2.5 - Principal,2020-01-15 05:00 AM,2020,01,15,05,407.2,438,Hazardous,408.0,UG/M3,1 Hr,Valid
Kolkata,PM2.5 - Principal,2020-01-15 06:00 AM,2020,01,15,06,400.0,434,Hazardous,394.0,UG/M3,1 Hr,Valid
Kolkata,PM2.5 - Principal,2020-01-15 07:00 AM,2020,01,15,07,410.8,441,Hazardous,450.0,UG/M3,1 Hr,Valid
Kolkata,PM2.5 - Principal,2020-01-15 08:00 AM,2020,01,15,08,413.1,442,Hazardous,428.0,UG/M3,1 Hr,Valid
Kolkata,PM2.5 - Principal,2020-01-15 09:00 AM,2020,01,15,09,395.2,431,Hazardous,337.0,UG/M3,1 Hr,Valid
Kolkata,PM2.5 - Principal,2020-01-15 10:00 AM,2020,01,15,10,361.7,408,Hazardous,302.0,UG/M3,1 Hr,Valid
Kolkata,PM2.5 - Principal,2020-01-15 11:00 AM,2020,01,15,11,333.1,383,Hazardous,289.0,UG/M3,1 Hr,Valid
Kolkata,PM2.5 - Principal,2020-01-15 12:00 PM,2020,01,15,12,269.5,320,Hazardous,224.0,UG/M3,1 Hr,Valid
Kolkata,PM2.5 - Principal,2020-01-15 01:00 PM,2020,01,15,13,234.2,284,Very Unhealthy,199.0,UG/M3,1 Hr,Valid
Kolkata,PM2.5 - Principal,2020-01-15 02:00 PM,2020,01,15,14,189.5,240,Very Unhealthy,145.0,UG/M3,1 Hr,Valid
Kolkata,PM2.5 - Principal,2020-01-15 03:00 PM,2020,01,15,15,160.2,211,Very Unhealthy,131.0,UG/M3,1 Hr,Valid
Kolkata,PM2.5 - Principal,2020-01-15 04:00 PM,2020,01,15,16,147.6,199,Unhealthy,135.0,UG/M3,1 Hr,Valid
Kolkata,PM2.5 - Principal,2020-01-15 05:00 PM,2020,01,15,17,140.2,195,Unhealthy,133.0,UG/M3,1 Hr,Valid
Kolkata,PM2.5 - Principal,2020-01-15 06:00 PM,2020,01,15,18,154.6,205,Very Unhealthy,169.0,UG/M3,1 Hr,Valid
Kolkata,PM2.5 - Principal,2020-01-15 07:00 PM,2020,01,15,19,190.2,240,Very Unhealthy,226.0,UG/M3,1 Hr,Valid
Kolkata,PM2.5 - Principal,2020-01-15 08:00 PM,2020,01,15,20,223.1,273,Very Unhealthy,256.0,UG/M3,1 Hr,Valid
Kolkata,PM2.5 - Principal,2020-01-15 09:00 PM,2020,01,15,21,256.5,307,Hazardous,290.0,UG/M3,1 Hr,Valid
Kolkata,PM2.5 - Principal,2020-01-15 10:00 PM,2020,01,15,22,271.2,322,Hazardous,286.0,UG/M3,1 Hr,Valid
Kolkata,PM2.5 - Principal,2020-01-15 11:00 PM,2020,01,15,23,271.2,322,Hazardous,-999.0,UG/M3,1 Hr,Missing
Kolkata,PM2.5 - Principal,2020-01-16 04:00 AM,2020,01,16,04,-999.0,-999,N/A,452.0,UG/M3,1 Hr,Valid
Kolkata,PM2.5 - Principal,2020-01-16 05:00 AM,2020,01,16,05,341.9,392,Hazardous,288.0,UG/M3,1 Hr,Valid
Kolkata,PM2.5 - Principal,2020-01-16 06:00 AM,2020,01,16,06,293.0,343,Hazardous,256.0,UG/M3,1 Hr,Valid
Kolkata,PM2.5 - Principal,2020-01-16 07:00 AM,2020,01,16,07,278.6,329,Hazardous,257.0,UG/M3,1 Hr,Valid
Kolkata,PM2.5 - Principal,2020-01-16 08:00 AM,2020,01,16,08,264.6,315,Hazardous,250.0,UG/M3,1 Hr,Valid
Kolkata,PM2.5 - Principal,2020-01-16 09:00 AM,2020,01,16,09,242.9,293,Very Unhealthy,225.0,UG/M3,1 Hr,Valid
Kolkata,PM2.5 - Principal,2020-01-16 10:00 AM,2020,01,16,10,212.2,262,Very Unhealthy,182.0,UG/M3,1 Hr,Valid
Kolkata,PM2.5 - Principal,2020-01-16 11:00 AM,2020,01,16,11,190.0,240,Very Unhealthy,168.0,UG/M3,1 Hr,Valid
Kolkata,PM2.5 - Principal,2020-01-16 12:00 PM,2020,01,16,12,182.0,232,Very Unhealthy,174.0,UG/M3,1 Hr,Valid
Kolkata,PM2.5 - Principal,2020-01-16 01:00 PM,2020,01,16,13,168.4,219,Very Unhealthy,155.0,UG/M3,1 Hr,Valid
Kolkata,PM2.5 - Principal,2020-01-16 02:00 PM,2020,01,16,14,168.2,219,Very Unhealthy,168.0,UG/M3,1 Hr,Valid
Kolkata,PM2.5 - Principal,2020-01-16 03:00 PM,2020,01,16,15,150.1,200,Unhealthy,132.0,UG/M3,1 Hr,Valid
Kolkata,PM2.5 - Principal,2020-01-16 04:00 PM,2020,01,16,16,122.0,185,Unhealthy,94.0,UG/M3,1 Hr,Valid
Kolkata,PM2.5 - Principal,2020-01-16 05:00 PM,2020,01,16,17,111.4,180,Unhealthy,101.0,UG/M3,1 Hr,Valid
Kolkata,PM2.5 - Principal,2020-01-16 06:00 PM,2020,01,16,18,121.7,185,Unhealthy,132.0,UG/M3,1 Hr,Valid
Kolkata,PM2.5 - Principal,2020-01-16 07:00 PM,2020,01,16,19,133.8,191,Unhealthy,146.0,UG/M3,1 Hr,Valid
Kolkata,PM2.5 - Principal,2020-01-16 08:00 PM,2020,01,16,20,156.9,207,Very Unhealthy,180.0,UG/M3,1 Hr,Valid
Kolkata,PM2.5 - Principal,2020-01-16 09:00 PM,2020,01,16,21,178.4,229,Very Unhealthy,200.0,UG/M3,1 Hr,Valid
Kolkata,PM2.5 - Principal,2020-01-16 10:00 PM,2020,01,16,22,186.7,237,Very Unhealthy,195.0,UG/M3,1 Hr,Valid
Kolkata,PM2.5 - Principal,2020-01-16 11:00 PM,2020,01,16,23,189.8,240,Very Unhealthy,193.0,UG/M3,1 Hr,Valid
Kolkata,PM2.5 - Principal,2020-01-17 12:00 AM,2020,01,17,00,178.4,229,Very Unhealthy,167.0,UG/M3,1 Hr,Valid
Kolkata,PM2.5 - Principal,2020-01-17 01:00 AM,2020,01,17,01,181.7,232,Very Unhealthy,185.0,UG/M3,1 Hr,Valid
Kolkata,PM2.5 - Principal,2020-01-17 02:00 AM,2020,01,17,02,184.8,235,Very Unhealthy,188.0,UG/M3,1 Hr,Valid
Kolkata,PM2.5 - Principal,2020-01-17 03:00 AM,2020,01,17,03,192.4,243,Very Unhealthy,200.0,UG/M3,1 Hr,Valid
Kolkata,PM2.5 - Principal,2020-01-17 04:00 AM,2020,01,17,04,204.2,254,Very Unhealthy,216.0,UG/M3,1 Hr,Valid
Kolkata,PM2.5 - Principal,2020-01-17 05:00 AM,2020,01,17,05,213.8,264,Very Unhealthy,230.0,UG/M3,1 Hr,Valid
Kolkata,PM2.5 - Principal,2020-01-17 06:00 AM,2020,01,17,06,219.9,270,Very Unhealthy,234.0,UG/M3,1 Hr,Valid
Kolkata,PM2.5 - Principal,2020-01-17 07:00 AM,2020,01,17,07,225.0,275,Very Unhealthy,243.0,UG/M3,1 Hr,Valid
Kolkata,PM2.5 - Principal,2020-01-17 08:00 AM,2020,01,17,08,296.1,346,Hazardous,358.0,UG/M3,1 Hr,Valid
Kolkata,PM2.5 - Principal,2020-01-17 09:00 AM,2020,01,17,09,333.6,383,Hazardous,371.0,UG/M3,1 Hr,Valid
Kolkata,PM2.5 - Principal,2020-01-17 10:00 AM,2020,01,17,10,285.8,336,Hazardous,238.0,UG/M3,1 Hr,Valid
Kolkata,PM2.5 - Principal,2020-01-17 11:00 AM,2020,01,17,11,246.9,297,Very Unhealthy,208.0,UG/M3,1 Hr,Valid
Kolkata,PM2.5 - Principal,2020-01-17 12:00 PM,2020,01,17,12,200.9,251,Very Unhealthy,155.0,UG/M3,1 Hr,Valid
Kolkata,PM2.5 - Principal,2020-01-17 01:00 PM,2020,01,17,13,151.4,202,Very Unhealthy,102.0,UG/M3,1 Hr,Valid
Kolkata,PM2.5 - Principal,2020-01-17 02:00 PM,2020,01,17,14,126.7,188,Unhealthy,102.0,UG/M3,1 Hr,Valid
Kolkata,PM2.5 - Principal,2020-01-17 03:00 PM,2020,01,17,15,93.8,171,Unhealthy,61.0,UG/M3,1 Hr,Valid
Kolkata,PM2.5 - Principal,2020-01-17 04:00 PM,2020,01,17,16,82.4,165,Unhealthy,71.0,UG/M3,1 Hr,Valid
Kolkata,PM2.5 - Principal,2020-01-17 05:00 PM,2020,01,17,17,79.6,163,Unhealthy,77.0,UG/M3,1 Hr,Valid
Kolkata,PM2.5 - Principal,2020-01-17 06:00 PM,2020,01,17,18,91.8,170,Unhealthy,104.0,UG/M3,1 Hr,Valid
Kolkata,PM2.5 - Principal,2020-01-17 07:00 PM,2020,01,17,19,117.4,183,Unhealthy,143.0,UG/M3,1 Hr,Valid
Kolkata,PM2.5 - Principal,2020-01-17 08:00 PM,2020,01,17,20,153.6,204,Very Unhealthy,190.0,UG/M3,1 Hr,Valid
Kolkata,PM2.5 - Principal,2020-01-17 09:00 PM,2020,01,17,21,165.8,216,Very Unhealthy,178.0,UG/M3,1 Hr,Valid
Kolkata,PM2.5 - Principal,2020-01-17 10:00 PM,2020,01,17,22,156.8,207,Very Unhealthy,148.0,UG/M3,1 Hr,Valid
Kolkata,PM2.5 - Principal,2020-01-17 11:00 PM,2020,01,17,23,147.9,199,Unhealthy,139.0,UG/M3,1 Hr,Valid
Kolkata,PM2.5 - Principal,2020-01-18 12:00 AM,2020,01,18,00,154.9,205,Very Unhealthy,162.0,UG/M3,1 Hr,Valid
Kolkata,PM2.5 - Principal,2020-01-18 01:00 AM,2020,01,18,01,149.4,199,Unhealthy,144.0,UG/M3,1 Hr,Valid
Kolkata,PM2.5 - Principal,2020-01-18 02:00 AM,2020,01,18,02,161.7,212,Very Unhealthy,174.0,UG/M3,1 Hr,Valid
Kolkata,PM2.5 - Principal,2020-01-18 03:00 AM,2020,01,18,03,150.3,200,Unhealthy,139.0,UG/M3,1 Hr,Valid
Kolkata,PM2.5 - Principal,2020-01-18 04:00 AM,2020,01,18,04,148.7,199,Unhealthy,147.0,UG/M3,1 Hr,Valid
Kolkata,PM2.5 - Principal,2020-01-18 05:00 AM,2020,01,18,05,157.2,208,Very Unhealthy,167.0,UG/M3,1 Hr,Valid
Kolkata,PM2.5 - Principal,2020-01-18 06:00 AM,2020,01,18,06,165.7,216,Very Unhealthy,191.0,UG/M3,1 Hr,Valid
Kolkata,PM2.5 - Principal,2020-01-18 07:00 AM,2020,01,18,07,193.4,244,Very Unhealthy,229.0,UG/M3,1 Hr,Valid
Kolkata,PM2.5 - Principal,2020-01-18 08:00 AM,2020,01,18,08,220.1,270,Very Unhealthy,249.0,UG/M3,1 Hr,Valid
Kolkata,PM2.5 - Principal,2020-01-18 09:00 AM,2020,01,18,09,198.8,249,Very Unhealthy,172.0,UG/M3,1 Hr,Valid
Kolkata,PM2.5 - Principal,2020-01-18 10:00 AM,2020,01,18,10,186.5,237,Very Unhealthy,171.0,UG/M3,1 Hr,Valid
Kolkata,PM2.5 - Principal,2020-01-18 11:00 AM,2020,01,18,11,181.0,231,Very Unhealthy,174.0,UG/M3,1 Hr,Valid
Kolkata,PM2.5 - Principal,2020-01-18 12:00 PM,2020,01,18,12,142.2,196,Unhealthy,105.0,UG/M3,1 Hr,Valid
Kolkata,PM2.5 - Principal,2020-01-18 01:00 PM,2020,01,18,13,114.0,181,Unhealthy,86.0,UG/M3,1 Hr,Valid
Kolkata,PM2.5 - Principal,2020-01-18 02:00 PM,2020,01,18,14,90.5,169,Unhealthy,67.0,UG/M3,1 Hr,Valid
Kolkata,PM2.5 - Principal,2020-01-18 03:00 PM,2020,01,18,15,71.7,159,Unhealthy,53.0,UG/M3,1 Hr,Valid
Kolkata,PM2.5 - Principal,2020-01-18 04:00 PM,2020,01,18,16,63.8,155,Unhealthy,56.0,UG/M3,1 Hr,Valid
Kolkata,PM2.5 - Principal,2020-01-18 05:00 PM,2020,01,18,17,63.4,155,Unhealthy,63.0,UG/M3,1 Hr,Valid
Kolkata,PM2.5 - Principal,2020-01-18 06:00 PM,2020,01,18,18,62.1,154,Unhealthy,61.0,UG/M3,1 Hr,Valid
Kolkata,PM2.5 - Principal,2020-01-18 07:00 PM,2020,01,18,19,75.0,161,Unhealthy,88.0,UG/M3,1 Hr,Valid
Kolkata,PM2.5 - Principal,2020-01-18 08:00 PM,2020,01,18,20,107.0,178,Unhealthy,139.0,UG/M3,1 Hr,Valid
Kolkata,PM2.5 - Principal,2020-01-18 09:00 PM,2020,01,18,21,115.5,182,Unhealthy,124.0,UG/M3,1 Hr,Valid
Kolkata,PM2.5 - Principal,2020-01-18 10:00 PM,2020,01,18,22,106.7,177,Unhealthy,98.0,UG/M3,1 Hr,Valid
Kolkata,PM2.5 - Principal,2020-01-18 11:00 PM,2020,01,18,23,99.8,174,Unhealthy,93.0,UG/M3,1 Hr,Valid
Kolkata,PM2.5 - Principal,2020-01-19 12:00 AM,2020,01,19,00,105.4,177,Unhealthy,111.0,UG/M3,1 Hr,Valid
Kolkata,PM2.5 - Principal,2020-01-19 01:00 AM,2020,01,19,01,119.7,184,Unhealthy,134.0,UG/M3,1 Hr,Valid
Kolkata,PM2.5 - Principal,2020-01-19 02:00 AM,2020,01,19,02,108.3,178,Unhealthy,97.0,UG/M3,1 Hr,Valid
Kolkata,PM2.5 - Principal,2020-01-19 03:00 AM,2020,01,19,03,109.6,179,Unhealthy,111.0,UG/M3,1 Hr,Valid
Kolkata,PM2.5 - Principal,2020-01-19 04:00 AM,2020,01,19,04,105.3,177,Unhealthy,101.0,UG/M3,1 Hr,Valid
Kolkata,PM2.5 - Principal,2020-01-19 05:00 AM,2020,01,19,05,117.6,183,Unhealthy,130.0,UG/M3,1 Hr,Valid
Kolkata,PM2.5 - Principal,2020-01-19 06:00 AM,2020,01,19,06,138.1,194,Unhealthy,163.0,UG/M3,1 Hr,Valid
Kolkata,PM2.5 - Principal,2020-01-19 07:00 AM,2020,01,19,07,163.6,214,Very Unhealthy,187.0,UG/M3,1 Hr,Valid
Kolkata,PM2.5 - Principal,2020-01-19 08:00 AM,2020,01,19,08,169.8,220,Very Unhealthy,176.0,UG/M3,1 Hr,Valid
Kolkata,PM2.5 - Principal,2020-01-19 09:00 AM,2020,01,19,09,167.9,218,Very Unhealthy,166.0,UG/M3,1 Hr,Valid
Kolkata,PM2.5 - Principal,2020-01-19 10:00 AM,2020,01,19,10,162.4,213,Very Unhealthy,157.0,UG/M3,1 Hr,Valid
Kolkata,PM2.5 - Principal,2020-01-19 11:00 AM,2020,01,19,11,158.8,209,Very Unhealthy,155.0,UG/M3,1 Hr,Valid
Kolkata,PM2.5 - Principal,2020-01-19 12:00 PM,2020,01,19,12,148.8,199,Unhealthy,138.0,UG/M3,1 Hr,Valid
Kolkata,PM2.5 - Principal,2020-01-19 01:00 PM,2020,01,19,13,140.2,195,Unhealthy,131.0,UG/M3,1 Hr,Valid
Kolkata,PM2.5 - Principal,2020-01-19 02:00 PM,2020,01,19,14,127.6,188,Unhealthy,112.0,UG/M3,1 Hr,Valid
Kolkata,PM2.5 - Principal,2020-01-19 03:00 PM,2020,01,19,15,119.0,184,Unhealthy,109.0,UG/M3,1 Hr,Valid
Kolkata,PM2.5 - Principal,2020-01-19 04:00 PM,2020,01,19,16,99.7,174,Unhealthy,82.0,UG/M3,1 Hr,Valid
Kolkata,PM2.5 - Principal,2020-01-19 05:00 PM,2020,01,19,17,95.3,172,Unhealthy,91.0,UG/M3,1 Hr,Valid
Kolkata,PM2.5 - Principal,2020-01-19 06:00 PM,2020,01,19,18,104.1,176,Unhealthy,113.0,UG/M3,1 Hr,Valid
Kolkata,PM2.5 - Principal,2020-01-19 07:00 PM,2020,01,19,19,125.0,187,Unhealthy,146.0,UG/M3,1 Hr,Valid
Kolkata,PM2.5 - Principal,2020-01-19 08:00 PM,2020,01,19,20,140.0,195,Unhealthy,155.0,UG/M3,1 Hr,Valid
Kolkata,PM2.5 - Principal,2020-01-19 09:00 PM,2020,01,19,21,137.5,193,Unhealthy,136.0,UG/M3,1 Hr,Valid
Kolkata,PM2.5 - Principal,2020-01-19 10:00 PM,2020,01,19,22,132.9,191,Unhealthy,128.0,UG/M3,1 Hr,Valid
Kolkata,PM2.5 - Principal,2020-01-19 11:00 PM,2020,01,19,23,111.7,180,Unhealthy,88.0,UG/M3,1 Hr,Valid
Kolkata,PM2.5 - Principal,2020-01-20 12:00 AM,2020,01,20,00,96.9,172,Unhealthy,81.0,UG/M3,1 Hr,Valid
Kolkata,PM2.5 - Principal,2020-01-20 01:00 AM,2020,01,20,01,94.5,171,Unhealthy,92.0,UG/M3,1 Hr,Valid
Kolkata,PM2.5 - Principal,2020-01-20 02:00 AM,2020,01,20,02,97.1,172,Unhealthy,100.0,UG/M3,1 Hr,Valid
Kolkata,PM2.5 - Principal,2020-01-20 03:00 AM,2020,01,20,03,101.8,175,Unhealthy,107.0,UG/M3,1 Hr,Valid
Kolkata,PM2.5 - Principal,2020-01-20 04:00 AM,2020,01,20,04,105.2,177,Unhealthy,109.0,UG/M3,1 Hr,Valid
Kolkata,PM2.5 - Principal,2020-01-20 05:00 AM,2020,01,20,05,104.6,176,Unhealthy,104.0,UG/M3,1 Hr,Valid
Kolkata,PM2.5 - Principal,2020-01-20 06:00 AM,2020,01,20,06,105.7,177,Unhealthy,107.0,UG/M3,1 Hr,Valid
Kolkata,PM2.5 - Principal,2020-01-20 07:00 AM,2020,01,20,07,105.8,177,Unhealthy,106.0,UG/M3,1 Hr,Valid
Kolkata,PM2.5 - Principal,2020-01-20 08:00 AM,2020,01,20,08,110.6,179,Unhealthy,118.0,UG/M3,1 Hr,Valid
Kolkata,PM2.5 - Principal,2020-01-20 09:00 AM,2020,01,20,09,108.5,178,Unhealthy,106.0,UG/M3,1 Hr,Valid
Kolkata,PM2.5 - Principal,2020-01-20 10:00 AM,2020,01,20,10,106.1,177,Unhealthy,102.0,UG/M3,1 Hr,Valid
Kolkata,PM2.5 - Principal,2020-01-20 11:00 AM,2020,01,20,11,104.5,176,Unhealthy,101.0,UG/M3,1 Hr,Valid
Kolkata,PM2.5 - Principal,2020-01-20 12:00 PM,2020,01,20,12,105.5,177,Unhealthy,107.0,UG/M3,1 Hr,Valid
Kolkata,PM2.5 - Principal,2020-01-20 01:00 PM,2020,01,20,13,105.9,177,Unhealthy,106.0,UG/M3,1 Hr,Valid
Kolkata,PM2.5 - Principal,2020-01-20 02:00 PM,2020,01,20,14,106.8,177,Unhealthy,110.0,UG/M3,1 Hr,Valid
Kolkata,PM2.5 - Principal,2020-01-20 03:00 PM,2020,01,20,15,108.0,178,Unhealthy,114.0,UG/M3,1 Hr,Valid
Kolkata,PM2.5 - Principal,2020-01-20 04:00 PM,2020,01,20,16,108.8,179,Unhealthy,113.0,UG/M3,1 Hr,Valid
Kolkata,PM2.5 - Principal,2020-01-20 05:00 PM,2020,01,20,17,108.4,178,Unhealthy,106.0,UG/M3,1 Hr,Valid
Kolkata,PM2.5 - Principal,2020-01-20 06:00 PM,2020,01,20,18,109.6,179,Unhealthy,115.0,UG/M3,1 Hr,Valid
Kolkata,PM2.5 - Principal,2020-01-20 07:00 PM,2020,01,20,19,117.3,183,Unhealthy,136.0,UG/M3,1 Hr,Valid
Kolkata,PM2.5 - Principal,2020-01-20 08:00 PM,2020,01,20,20,124.6,187,Unhealthy,141.0,UG/M3,1 Hr,Valid
Kolkata,PM2.5 - Principal,2020-01-20 09:00 PM,2020,01,20,21,126.3,188,Unhealthy,130.0,UG/M3,1 Hr,Valid
Kolkata,PM2.5 - Principal,2020-01-20 10:00 PM,2020,01,20,22,135.6,192,Unhealthy,151.0,UG/M3,1 Hr,Valid
Kolkata,PM2.5 - Principal,2020-01-20 11:00 PM,2020,01,20,23,173.8,224,Very Unhealthy,208.0,UG/M3,1 Hr,Valid
Kolkata,PM2.5 - Principal,2020-01-21 12:00 AM,2020,01,21,00,203.8,254,Very Unhealthy,233.0,UG/M3,1 Hr,Valid
